url,type,old_status,new_status,action,old_title,new_title,old_description,new_description,old_h1_count,new_h1_count,new_canonical
/,page,200,200,"migrated, URL unchanged","Cardboard Cups | Custom Printed Cups, Small Cups, Wholesale","Cardboard Cups | Custom Printed Cups, Small Cups, Wholesale","Order cardboard cups at wholesale prices. Choose custom printed designs, small to large sizes, and reliable packaging for cafes, events etc","Order cardboard cups at wholesale prices. Choose custom printed designs, small to large sizes, and reliable packaging for cafes, events etc",3,1,https://cardboardcups.com/
/404/,utility,-,404,"error page (noindex, not in sitemap)",,Page not found - Cardboard Cups,,The page you requested could not be found. Browse our cardboard cup range or request a free quote.,0,1,https://cardboardcups.com/404/
/about-us/,page,200,200,"migrated, URL unchanged",About Us - Cardboard Cups,About Us - Cardboard Cups,,"Cardboard Cups supplies durable, sustainable cardboard cups to cafés, food brands, offices, events and distributors across the USA, UK, Canada, Australia and Europe.",1,1,https://cardboardcups.com/about-us/
/brand/cardboard-cups/,page,200,301,redirect -> /shop/,Cardboard Cups Archives - Cardboard Cups,,,,1,0,
/brand/cardboard-cups/page/2/,page,200,301,redirect -> /shop/,Cardboard Cups Archives - Page 2 of 2 - Cardboard Cups,,,,1,0,
/cart/,page,200,301,redirect -> /get-free-quote/,,,,,0,0,
/checkout/,page,200,301,redirect -> /get-free-quote/,,,,,0,0,
/contact-us/,page,200,200,"migrated, URL unchanged",Contact Us - Cardboard Cups,Contact Us - Cardboard Cups,,"Contact Cardboard Cups for custom quotes, bulk pricing and product advice. Call (503) 358-0443 or email info@cardboardcups.com — we reply within 24 hours.",1,1,https://cardboardcups.com/contact-us/
/get-free-quote/,page,200,200,"migrated, URL unchanged",Get Free Quote - Cardboard Cups,Get Free Quote - Cardboard Cups,,"Request a free quote for custom printed cardboard cups, sleeves and baking cups. Tell us your size, quantity and print requirements and we reply within 24 hours.",0,1,https://cardboardcups.com/get-free-quote/
/my-account/,page,200,301,redirect -> /contact-us/,,,,,0,0,
/privacy-policy/,page,200,200,"migrated, URL unchanged",Privacy Policy - Cardboard Cups,Privacy Policy - Cardboard Cups,,"How Cardboard Cups collects, uses, protects and shares information when you visit our website or contact us for a quote.",1,1,https://cardboardcups.com/privacy-policy/
/product-category/baking-cups/,category,200,200,"migrated, URL unchanged",Baking Cups For Muffins And Cupcakes | Cardboard Cups,Baking Cups For Muffins And Cupcakes | Cardboard Cups,"Baking cups for muffins, cupcakes, mini cakes, and bakery portions with custom design, custom quote, print options, and free delivery in USA.","Baking cups for muffins, cupcakes, mini cakes, and bakery portions with custom design, custom quote, print options, and free delivery in USA.",3,1,https://cardboardcups.com/product-category/baking-cups/
/product-category/cup-sleeves/,category,200,200,"migrated, URL unchanged",Cup Sleeves For Hot Drink Cups | Cardboard Cups,Cup Sleeves For Hot Drink Cups | Cardboard Cups,"Cup sleeves for hot drink cups with better grip, heat comfort, custom design, custom quote, print options, and free delivery in USA.","Cup sleeves for hot drink cups with better grip, heat comfort, custom design, custom quote, print options, and free delivery in USA.",3,1,https://cardboardcups.com/product-category/cup-sleeves/
/product-category/cup-types/,category,200,200,"migrated, URL unchanged",Cardboard Cups | All Cup Types | Eco-Friendly | Bulk Orders,Cardboard Cups | All Cup Types | Eco-Friendly | Bulk Orders,"Shop all cardboard cup types for coffee, tea, soup & food. Hot & cold drinks. Custom printing. Wholesale pricing. Ships to USA, UK & Australia.","Shop all cardboard cup types for coffee, tea, soup & food. Hot & cold drinks. Custom printing. Wholesale pricing. Ships to USA, UK & Australia.",3,1,https://cardboardcups.com/product-category/cup-types/
/product/cardboard-baking-cups/,product,200,200,"migrated, URL unchanged",Cardboard Baking Cups For Bakeries | Cardboard Cups,Cardboard Baking Cups For Bakeries | Cardboard Cups,"Cardboard baking cups for cupcakes, muffins, brownies, and desserts. Get custom design, custom quote, size options, and free delivery in USA.","Cardboard baking cups for cupcakes, muffins, brownies, and desserts. Get custom design, custom quote, size options, and free delivery in USA.",3,1,https://cardboardcups.com/product/cardboard-baking-cups/
/product/cardboard-coffee-cups-with-lids/,product,200,200,"migrated, URL unchanged",Cardboard Coffee Cups With Lids | Cardboard Cups,Cardboard Coffee Cups With Lids | Cardboard Cups,"Cardboard coffee cups with lids for hot drinks. Food safe board, secure lid fit, lining options, custom printing cardboard Cups today.","Cardboard coffee cups with lids for hot drinks. Food safe board, secure lid fit, lining options, custom printing cardboard Cups today.",3,1,https://cardboardcups.com/product/cardboard-coffee-cups-with-lids/
/product/cardboard-coffee-cups/,product,200,200,"migrated, URL unchanged",Cardboard Coffee Cups For Hot Drinks | Cardboard Cups,Cardboard Coffee Cups For Hot Drinks | Cardboard Cups,"Cardboard coffee cups for hot drinks, cafes, offices, and takeaway service with custom design, custom quote, print options, and free delivery in USA.","Cardboard coffee cups for hot drinks, cafes, offices, and takeaway service with custom design, custom quote, print options, and free delivery in USA.",3,1,https://cardboardcups.com/product/cardboard-coffee-cups/
/product/cardboard-coffee-sleeves/,product,200,200,"migrated, URL unchanged",Cardboard Coffee Sleeves For Hot Cups | Cardboard Cups,Cardboard Coffee Sleeves For Hot Cups | Cardboard Cups,"Cardboard coffee sleeves for hot cups with better grip, heat comfort, custom design, custom quote, print options, and free delivery in USA.","Cardboard coffee sleeves for hot cups with better grip, heat comfort, custom design, custom quote, print options, and free delivery in USA.",3,1,https://cardboardcups.com/product/cardboard-coffee-sleeves/
/product/cardboard-cup-sleeves/,product,200,200,"migrated, URL unchanged",Cardboard Cup Sleeves | Heat Grip Sleeves | Cardboard Cups,Cardboard Cup Sleeves | Heat Grip Sleeves | Cardboard Cups,Hot drink cup sleeves made from sturdy paperboard to support grip and comfort in hand. Print options at Cardboard Cups with free delivery and custom design.,Hot drink cup sleeves made from sturdy paperboard to support grip and comfort in hand. Print options at Cardboard Cups with free delivery and custom design.,3,1,https://cardboardcups.com/product/cardboard-cup-sleeves/
/product/cardboard-cupcake-cups/,product,200,200,"migrated, URL unchanged",Cardboard Cupcake Cups | Baking Cups | Cardboard Cups,Cardboard Cupcake Cups | Baking Cups | Cardboard Cups,"Cardboard cupcake cups made with food contact paperboard for baking and clean presentation, with size options and print support from Cardboard Cups.","Cardboard cupcake cups made with food contact paperboard for baking and clean presentation, with size options and print support from Cardboard Cups.",3,1,https://cardboardcups.com/product/cardboard-cupcake-cups/
/product/cardboard-cups-for-food/,product,200,200,"migrated, URL unchanged",Cardboard Cups For Food | Portion Cups | Cardboard Cups,Cardboard Cups For Food | Portion Cups | Cardboard Cups,"Cardboard Cups For Food designed for safe serving of snacks and meals. Includes free delivery, custom quote, and custom design.","Cardboard Cups For Food designed for safe serving of snacks and meals. Includes free delivery, custom quote, and custom design.",3,1,https://cardboardcups.com/product/cardboard-cups-for-food/
/product/cardboard-cups-for-hot-drinks/,product,200,200,"migrated, URL unchanged",Cardboard Cups For Hot Drinks | Sizes & Linings | Cardboard Cups,Cardboard Cups For Hot Drinks | Sizes & Linings | Cardboard Cups,"Cardboard cups for hot drinks to go in sizes with food safe board, heat-safe linings and print options for cafés and shops.","Cardboard cups for hot drinks to go in sizes with food safe board, heat-safe linings and print options for cafés and shops.",3,1,https://cardboardcups.com/product/cardboard-cups-for-hot-drinks/
/product/cardboard-milkshake-cups/,product,200,200,"migrated, URL unchanged",Cardboard Milkshake Cups | Cold Drink Sizes | Cardboard Cups,Cardboard Milkshake Cups | Cold Drink Sizes | Cardboard Cups,"Cardboard milkshake cups for thick cold drinks with moisture barrier options, stable rims, and lid and straw fit standards for takeaway use.","Cardboard milkshake cups for thick cold drinks with moisture barrier options, stable rims, and lid and straw fit standards for takeaway use.",3,1,https://cardboardcups.com/product/cardboard-milkshake-cups/
/product/cardboard-muffin-cups/,product,200,200,"migrated, URL unchanged",Cardboard Muffin Cups For Bakeries | Cardboard Cups,Cardboard Muffin Cups For Bakeries | Cardboard Cups,"Cardboard Muffin Cups for safe baking and neat display. Get custom design, custom quote, food safe material, and free delivery in USA.","Cardboard Muffin Cups for safe baking and neat display. Get custom design, custom quote, food safe material, and free delivery in USA.",3,1,https://cardboardcups.com/product/cardboard-muffin-cups/
/product/cardboard-mugs/,product,200,200,"migrated, URL unchanged",Cardboard Mugs For Hot Drinks | Cardboard Cups,Cardboard Mugs For Hot Drinks | Cardboard Cups,"Cardboard mugs for coffee, tea, events, and takeaway service. Get custom design, custom quote, print options, and free delivery in USA.","Cardboard mugs for coffee, tea, events, and takeaway service. Get custom design, custom quote, print options, and free delivery in USA.",3,1,https://cardboardcups.com/product/cardboard-mugs/
/product/cardboard-soup-cups/,product,200,200,"migrated, URL unchanged",Cardboard Soup Cups | Hot Liquid Food Cups | Cardboard Cups,Cardboard Soup Cups | Hot Liquid Food Cups | Cardboard Cups,"Cardboard Soup Cups for takeaway and dine in use, built to handle heat and liquids. Get free delivery, custom quote, and custom design options.","Cardboard Soup Cups for takeaway and dine in use, built to handle heat and liquids. Get free delivery, custom quote, and custom design options.",3,1,https://cardboardcups.com/product/cardboard-soup-cups/
/product/cardboard-tea-cups/,product,200,200,"migrated, URL unchanged",Cardboard Tea Cups For Hot Drinks | Cardboard Cups,Cardboard Tea Cups For Hot Drinks | Cardboard Cups,"Cardboard tea cups for black tea, herbal tea, milk tea, cafes, events, and takeaway service with custom design, custom quote, and free delivery in USA.","Cardboard tea cups for black tea, herbal tea, milk tea, cafes, events, and takeaway service with custom design, custom quote, and free delivery in USA.",3,1,https://cardboardcups.com/product/cardboard-tea-cups/
/product/christmas-cardboard-cups/,product,200,200,"migrated, URL unchanged",Christmas Cardboard Cups For Hot Drinks | Cardboard Cups,Christmas Cardboard Cups For Hot Drinks | Cardboard Cups,"Christmas cardboard cups for hot drinks, cafes, events, and takeaway service with custom design, custom quote, festive print, and free delivery in USA.","Christmas cardboard cups for hot drinks, cafes, events, and takeaway service with custom design, custom quote, festive print, and free delivery in USA.",3,1,https://cardboardcups.com/product/christmas-cardboard-cups/
/product/corrugated-paper-cups/,product,200,200,"migrated, URL unchanged",Corrugated Paper Cups | Insulated Drink Cups | Cardboard Cups,Corrugated Paper Cups | Insulated Drink Cups | Cardboard Cups,"Corrugated paper cups with improved grip and reduced heat feel, built with strong rim forming for hot beverage service at Cardboard Cups.","Corrugated paper cups with improved grip and reduced heat feel, built with strong rim forming for hot beverage service at Cardboard Cups.",3,1,https://cardboardcups.com/product/corrugated-paper-cups/
/product/disposable-cardboard-cups/,product,200,200,"migrated, URL unchanged",Disposable Cardboard Cups For Drinks | Cardboard Cups,Disposable Cardboard Cups For Drinks | Cardboard Cups,"Disposable cardboard cups for water, juice, coffee, tea, samples, and events with custom design, custom quote, print options, and free delivery in USA.","Disposable cardboard cups for water, juice, coffee, tea, samples, and events with custom design, custom quote, print options, and free delivery in USA.",3,1,https://cardboardcups.com/product/disposable-cardboard-cups/
/product/small-cardboard-cups/,product,200,200,"migrated, URL unchanged",Small Cardboard Cups For Drinks | Cardboard Cups,Small Cardboard Cups For Drinks | Cardboard Cups,"Small cardboard cups for espresso, samples, water, sauces, and events. Get custom design, custom quote, print options, and free delivery in USA.","Small cardboard cups for espresso, samples, water, sauces, and events. Get custom design, custom quote, print options, and free delivery in USA.",3,1,https://cardboardcups.com/product/small-cardboard-cups/
/product/white-cardboard-cups/,product,200,200,"migrated, URL unchanged",White Cardboard Cups | Clean Print Cup Style | Cardboard Cups,White Cardboard Cups | Clean Print Cup Style | Cardboard Cups,"White cardboard cups made with food contact paperboard and a smooth print surface, supported by inner barrier lining and strong rim forming for hot drinks.","White cardboard cups made with food contact paperboard and a smooth print surface, supported by inner barrier lining and strong rim forming for hot drinks.",3,1,https://cardboardcups.com/product/white-cardboard-cups/
/shop/,page,-,200,migrated,,Shop - Cardboard Cups,,"Browse the full Cardboard Cups range — cup types, cup sleeves and baking cups. Custom printing, bulk quantities and free quotes on every product.",0,1,https://cardboardcups.com/shop/
/terms-conditions/,page,200,200,"migrated, URL unchanged",Terms Conditions - Cardboard Cups,Terms Conditions - Cardboard Cups,,"The terms and conditions covering website use, quotations, custom orders, shipping, returns and liability when ordering from Cardboard Cups.",1,1,https://cardboardcups.com/terms-conditions/
